<?xml version="1.0" encoding="UTF-8"?>
<package id="1" uuid="6e95518e-4471-41b9-8ef2-bfecbb79b443">
  <dateCreated id="2">2023-11-08 15:46:12</dateCreated>
  <name>emrapi.Metadata_Source</name>
  <description>Source used to tag metadata used in the EMR API module</description>
  <openmrsVersion>2.3.3  Build a4f37e</openmrsVersion>
  <version>2</version>
  <groupUuid>4c070ab3-4ca5-4a93-8da8-d1e4def1bf2a</groupUuid>
  <modules id="3">
    <entry>
      <string>openconceptlab</string>
      <string>1.2.9</string>
    </entry>
    <entry>
      <string>calculation</string>
      <string>1.2.1</string>
    </entry>
    <entry>
      <string>biologicalorder</string>
      <string>1.0.0</string>
    </entry>
    <entry>
      <string>legacyui</string>
      <string>1.15.2</string>
    </entry>
    <entry>
      <string>idgen</string>
      <string>4.6.0</string>
    </entry>
    <entry>
      <string>htmlformentry</string>
      <string>4.0.0</string>
    </entry>
    <entry>
      <string>hivscreening</string>
      <string>2.0</string>
    </entry>
    <entry>
      <string>metadatasharing</string>
      <string>1.7.0</string>
    </entry>
    <entry>
      <string>o3forms</string>
      <string>2.2.0-SNAPSHOT</string>
    </entry>
    <entry>
      <string>ptme</string>
      <string>3.0</string>
    </entry>
    <entry>
      <string>fhir2</string>
      <string>1.10.0</string>
    </entry>
    <entry>
      <string>labonfhir</string>
      <string>1.3.2-SNAPSHOT</string>
    </entry>
    <entry>
      <string>supply</string>
      <string>1.0.1</string>
    </entry>
    <entry>
      <string>initializer</string>
      <string>2.5.0</string>
    </entry>
    <entry>
      <string>webservices.rest</string>
      <string>2.41.0.756cb3</string>
    </entry>
    <entry>
      <string>htmlwidgets</string>
      <string>1.10.0</string>
    </entry>
    <entry>
      <string>addresshierarchy</string>
      <string>2.16.0</string>
    </entry>
    <entry>
      <string>clientregistry</string>
      <string>1.1.6</string>
    </entry>
    <entry>
      <string>owa</string>
      <string>1.12.0</string>
    </entry>
    <entry>
      <string>reportingrest</string>
      <string>1.13.0</string>
    </entry>
    <entry>
      <string>metadatamapping</string>
      <string>1.3.5</string>
    </entry>
    <entry>
      <string>event</string>
      <string>2.10.0</string>
    </entry>
    <entry>
      <string>reporting</string>
      <string>1.21.0</string>
    </entry>
    <entry>
      <string>serialization.xstream</string>
      <string>0.2.14</string>
    </entry>
  </modules>
  <items class="linked-hash-set" id="4">
    <org.openmrs.module.metadatasharing.Item id="5" uuid="33bed25b-2ff7-49ec-ba52-bd066199d8b8">
      <id>1</id>
      <classname>org.openmrs.module.metadatamapping.MetadataSource</classname>
      <dateChanged id="6">2021-05-17 11:02:58</dateChanged>
      <retired>false</retired>
    </org.openmrs.module.metadatasharing.Item>
  </items>
  <relatedItems class="linked-hash-set" id="7"/>
  <incrementalVersion>false</incrementalVersion>
</package>
